Category,Total_Profit
Technology,59101.479100000026
"Office Supplies",34898.57269999999
Furniture,4220.0410999999995
