Region,Total_Profit
East,38243.04430000001
West,27179.246000000006
Central,23887.2316
South,8910.571
