Category,SUM(Sales)
Technology,295015.0729999999
"Office Supplies",132884.17200000002
Furniture,106115.28659999999
